{
    "AnatomicalLandmarkCoordinates": {
        "LPA": [
            198.72972418472906,
            150.51040608170058,
            129.64246786979677
        ],
        "NAS": [
            127.74003154586622,
            101.92999745367277,
            204.46340308112332
        ],
        "RPA": [
            60.41477938112935,
            156.87766115156714,
            132.65238873561609
        ]
    }
}
