{
    "AnatomicalLandmarkCoordinates": {
        "LPA": [
            206.46791818522337,
            154.15017953709665,
            118.82390461582204
        ],
        "NAS": [
            134.49188017240442,
            100.65424402164113,
            215.6265382881875
        ],
        "RPA": [
            52.60227044736921,
            159.23040643688825,
            129.69732988949633
        ]
    }
}
