{
    "AnatomicalLandmarkCoordinates": {
        "LPA": [
            201.66933624438678,
            146.4888481519365,
            136.4854729912779
        ],
        "NAS": [
            127.71623666668542,
            91.02330296270793,
            212.37334393723353
        ],
        "RPA": [
            52.72462593728412,
            147.70946254951104,
            131.55150894502822
        ]
    }
}
