{
    "AnatomicalLandmarkCoordinates": {
        "LPA": [
            191.06608272535607,
            160.8296735284586,
            130.71521061494977
        ],
        "NAS": [
            129.8203216015071,
            125.69020739832297,
            219.71137035115214
        ],
        "RPA": [
            63.024058176889454,
            155.0598346557552,
            137.41580373105293
        ]
    }
}
