{
    "AnatomicalLandmarkCoordinates": {
        "LPA": [
            192.48545906698848,
            146.9384285627422,
            128.73155549611647
        ],
        "NAS": [
            131.80820916081666,
            107.55899087551055,
            212.25737414656797
        ],
        "RPA": [
            69.27063088255832,
            149.2646447492119,
            133.29480136131428
        ]
    }
}
