{
    "AnatomicalLandmarkCoordinates": {
        "LPA": [
            189.03560002263947,
            158.015646962101,
            142.28626449545635
        ],
        "NAS": [
            122.43604204021567,
            112.12236825760007,
            225.09945727213503
        ],
        "RPA": [
            61.95511368748926,
            151.58859694701175,
            136.05440856959976
        ]
    }
}
