{
    "AnatomicalLandmarkCoordinates": {
        "LPA": [
            195.7816283743663,
            144.04073150716346,
            133.56493476983206
        ],
        "NAS": [
            133.31866207782755,
            112.48396954986424,
            218.97066378001574
        ],
        "RPA": [
            64.42854765368398,
            145.95794177025667,
            140.72220176436323
        ]
    }
}
