{
    "AnatomicalLandmarkCoordinates": {
        "LPA": [
            197.56200662245203,
            146.124374905873,
            140.45127126211935
        ],
        "NAS": [
            128.912462715706,
            116.54266869139151,
            213.49146628589082
        ],
        "RPA": [
            66.51349310013964,
            151.41418274744618,
            138.0422393352527
        ]
    }
}
