{
    "AnatomicalLandmarkCoordinates": {
        "LPA": [
            198.25612873774816,
            160.24354393893807,
            129.80440956067895
        ],
        "NAS": [
            133.32723432437948,
            124.66611047760784,
            224.18442475954336
        ],
        "RPA": [
            58.005088814392224,
            155.21564265624139,
            127.33325007790418
        ]
    }
}
