{
    "AnatomicalLandmarkCoordinates": {
        "LPA": [
            188.63828354023124,
            149.63351619465845,
            151.274504689005
        ],
        "NAS": [
            124.39326215434025,
            97.45922021396031,
            214.99192034495212
        ],
        "RPA": [
            64.21333155120111,
            145.61037019313545,
            145.01357646483797
        ]
    }
}
