{
    "AnatomicalLandmarkCoordinates": {
        "LPA": [
            189.8395111687784,
            152.6639063012889,
            131.90922767506024
        ],
        "NAS": [
            132.11401075693692,
            113.05622359239192,
            219.0323742894186
        ],
        "RPA": [
            60.42749915146281,
            137.67063947799724,
            142.06010106357235
        ]
    }
}
