{
    "AnatomicalLandmarkCoordinates": {
        "LPA": [
            191.74871431788432,
            148.5285265779282,
            122.41222355333919
        ],
        "NAS": [
            128.73158055225252,
            126.69136240501774,
            206.53765799216256
        ],
        "RPA": [
            61.4094745916417,
            149.91495451175297,
            124.42369321969949
        ]
    }
}
