{
    "AnatomicalLandmarkCoordinates": {
        "LPA": [
            195.4242499566886,
            147.6630179485851,
            119.04785171648459
        ],
        "NAS": [
            138.6002532970302,
            121.96089493217644,
            205.0718700439116
        ],
        "RPA": [
            72.02344548993453,
            157.19386528058195,
            130.37452373124307
        ]
    }
}
